{
  "shape_id": "car_d064_a0",
  "family": "car",
  "size_px": 64,
  "angle_deg": 0.0,
  "canvas_hw": [112, 112],
  "polygon_xy": [
    [27.97799619439063, 49.244999135088776],
    [39.23699775123083, 47.368498875615415],
    [47.68124891886097, 38.6114976647397],
    [60.191250648683415, 38.6114976647397],
    [70.51200207578692, 48.61949904859766],
    [83.02200380560937, 50.49599930807102],
    [86.77500432455611, 58.00200034596449],
    [85.21125410832829, 67.38450164333132],
    [78.33075315692595, 67.38450164333132],
    [75.82875281096146, 72.3885023352603],
    [69.57375194605025, 72.3885023352603],
    [67.07175160008576, 67.38450164333132],
    [43.92824839991424, 67.38450164333132],
    [41.426248053949756, 72.3885023352603],
    [35.17124718903854, 72.3885023352603],
    [32.66924684307405, 67.38450164333132],
    [25.788745891671706, 67.38450164333132],
    [24.2249956754439, 56.43825012973668],
    [27.97799619439063, 49.244999135088776]
  ],
  "corners_xy": [
    [27.97799619439063, 49.244999135088776],
    [39.23699775123083, 47.368498875615415],
    [47.68124891886097, 38.6114976647397],
    [60.191250648683415, 38.6114976647397],
    [70.51200207578692, 48.61949904859766],
    [83.02200380560937, 50.49599930807102],
    [86.77500432455611, 58.00200034596449],
    [85.21125410832829, 67.38450164333132],
    [78.33075315692595, 67.38450164333132],
    [75.82875281096146, 72.3885023352603],
    [69.57375194605025, 72.3885023352603],
    [67.07175160008576, 67.38450164333132],
    [43.92824839991424, 67.38450164333132],
    [41.426248053949756, 72.3885023352603],
    [35.17124718903854, 72.3885023352603],
    [32.66924684307405, 67.38450164333132],
    [25.788745891671706, 67.38450164333132],
    [24.2249956754439, 56.43825012973668]
  ],
  "params": {"margin_px": 24}
}
