{
  "shape_id": "car_d320_a0",
  "family": "car",
  "size_px": 320,
  "angle_deg": 0.0,
  "canvas_hw": [368, 368],
  "polygon_xy": [
    [45.88998097195315, 152.2249956754439],
    [102.18498875615414, 142.84249437807708],
    [144.40624459430487, 99.05748832369852],
    [206.95625324341708, 99.05748832369852],
    [258.56001037893463, 149.0974952429883],
    [321.11001902804685, 158.4799965403551],
    [339.87502162278054, 196.01000172982245],
    [332.0562705416415, 242.92250821665658],
    [297.65376578462974, 242.92250821665658],
    [285.1437640548073, 267.9425116763015],
    [253.8687597302512, 267.9425116763015],
    [241.3587580004288, 242.92250821665658],
    [125.6412419995712, 242.92250821665658],
    [113.13124026974877, 267.9425116763015],
    [81.85623594519268, 267.9425116763015],
    [69.34623421537023, 242.92250821665658],
    [34.94372945835852, 242.92250821665658],
    [27.12497837721949, 188.19125064868342],
    [45.88998097195315, 152.2249956754439]
  ],
  "corners_xy": [
    [45.88998097195315, 152.2249956754439],
    [102.18498875615414, 142.84249437807708],
    [144.40624459430487, 99.05748832369852],
    [206.95625324341708, 99.05748832369852],
    [258.56001037893463, 149.0974952429883],
    [321.11001902804685, 158.4799965403551],
    [339.87502162278054, 196.01000172982245],
    [332.0562705416415, 242.92250821665658],
    [297.65376578462974, 242.92250821665658],
    [285.1437640548073, 267.9425116763015],
    [253.8687597302512, 267.9425116763015],
    [241.3587580004288, 242.92250821665658],
    [125.6412419995712, 242.92250821665658],
    [113.13124026974877, 267.9425116763015],
    [81.85623594519268, 267.9425116763015],
    [69.34623421537023, 242.92250821665658],
    [34.94372945835852, 242.92250821665658],
    [27.12497837721949, 188.19125064868342]
  ],
  "params": {"margin_px": 24}
}
