{
  "shape_id": "plane_d320_a0",
  "family": "plane",
  "size_px": 320,
  "angle_deg": 0.0,
  "canvas_hw": [368, 368],
  "polygon_xy": [
    [162.06052746747014, 138.16444870725456],
    [31.493501664823697, 211.8785875263174],
    [31.1585099065029, 232.40879671483373],
    [162.7305109841117, 197.13895016020314],
    [168.9996424612577, 289.9316672150589],
    [125.32309797162472, 314.9603371581685],
    [124.97215422481248, 330.83256570717685],
    [183.5, 315.3112809049808],
    [242.02784577518753, 330.83256570717685],
    [241.67690202837528, 314.9603371581685],
    [198.0003575387423, 289.9316672150589],
    [204.2694890158883, 197.13895016020314],
    [335.8414900934971, 232.40879671483373],
    [335.5064983351763, 211.8785875263174],
    [204.93947253252986, 138.16444870725456],
    [205.17875235990184, 65.05648545086743],
    [183.5, 36.16743429282312],
    [161.82124764009816, 65.05648545086743],
    [162.06052746747014, 138.16444870725456]
  ],
  "corners_xy": [
    [162.06052746747014, 138.16444870725456],
    [31.493501664823697, 211.8785875263174],
    [31.1585099065029, 232.40879671483373],
    [162.7305109841117, 197.13895016020314],
    [168.9996424612577, 289.9316672150589],
    [125.32309797162472, 314.9603371581685],
    [124.97215422481248, 330.83256570717685],
    [183.5, 315.3112809049808],
    [242.02784577518753, 330.83256570717685],
    [241.67690202837528, 314.9603371581685],
    [198.0003575387423, 289.9316672150589],
    [204.2694890158883, 197.13895016020314],
    [335.8414900934971, 232.40879671483373],
    [335.5064983351763, 211.8785875263174],
    [204.93947253252986, 138.16444870725456],
    [205.17875235990184, 65.05648545086743],
    [183.5, 36.16743429282312],
    [161.82124764009816, 65.05648545086743]
  ],
  "params": {"margin_px": 24}
}
