{
  "shape_id": "car_d128_a0",
  "family": "car",
  "size_px": 128,
  "angle_deg": 0.0,
  "canvas_hw": [176, 176],
  "polygon_xy": [
    [32.45599238878126, 74.98999827017755],
    [54.973995502461655, 71.23699775123083],
    [71.86249783772195, 53.72299532947941],
    [96.88250129736683, 53.72299532947941],
    [117.52400415157385, 73.73899809719532],
    [142.54400761121875, 77.49199861614204],
    [150.05000864911221, 92.50400069192898],
    [146.92250821665658, 111.26900328666264],
    [133.1615063138519, 111.26900328666264],
    [128.15750562192292, 121.2770046705206],
    [115.64750389210049, 121.2770046705206],
    [110.64350320017152, 111.26900328666264],
    [64.35649679982848, 111.26900328666264],
    [59.35249610789951, 121.2770046705206],
    [46.84249437807707, 121.2770046705206],
    [41.83849368614809, 111.26900328666264],
    [28.07749178334341, 111.26900328666264],
    [24.9499913508878, 89.37650025947336],
    [32.45599238878126, 74.98999827017755]
  ],
  "corners_xy": [
    [32.45599238878126, 74.98999827017755],
    [54.973995502461655, 71.23699775123083],
    [71.86249783772195, 53.72299532947941],
    [96.88250129736683, 53.72299532947941],
    [117.52400415157385, 73.73899809719532],
    [142.54400761121875, 77.49199861614204],
    [150.05000864911221, 92.50400069192898],
    [146.92250821665658, 111.26900328666264],
    [133.1615063138519, 111.26900328666264],
    [128.15750562192292, 121.2770046705206],
    [115.64750389210049, 121.2770046705206],
    [110.64350320017152, 111.26900328666264],
    [64.35649679982848, 111.26900328666264],
    [59.35249610789951, 121.2770046705206],
    [46.84249437807707, 121.2770046705206],
    [41.83849368614809, 111.26900328666264],
    [28.07749178334341, 111.26900328666264],
    [24.9499913508878, 89.37650025947336]
  ],
  "params": {"margin_px": 24}
}
